{"src/app/forms/mainform.php":{"_objects":{"image":{"id":"image","type":"ide\\formats\\form\\elements\\ImageViewFormElement","version":60,"data":{"image":".data/img/awellenada launcheri.png"}},"progress":{"id":"progress","type":"ide\\formats\\form\\elements\\ProgressBarFormElement","version":21,"data":[]},"message":{"id":"message","type":"ide\\formats\\form\\elements\\LabelFormElement","version":80,"data":[]},"newszagol":{"id":"newszagol","type":"ide\\formats\\form\\elements\\LabelFormElement","version":0,"data":[]},"nickname":{"id":"nickname","type":"ide\\formats\\form\\elements\\TextFieldFormElement","version":74,"data":[]},"button":{"id":"button","type":"ide\\formats\\form\\elements\\LabelFormElement","version":457,"data":[]},"close_program":{"id":"close_program","type":"ide\\formats\\form\\elements\\ImageViewFormElement","version":94,"data":{"image":".data/img/AWXclick.png"}},"svernuti":{"id":"svernuti","type":"ide\\formats\\form\\elements\\ImageViewFormElement","version":24,"data":{"image":".data/img/свернуть_.png"}}}},"src/app/modules/appmodule.php":{"_objects":[]},"src/app/modules/launch.php":{"_objects":{"downloader":{"id":"downloader","type":"develnext\\bundle\\httpclient\\components\\HttpDownloaderComponent"}}},"src/app/modules/mainform.php":{"_objects":{"dowloand_sborka_sucsessful":{"id":"dowloand_sborka_sucsessful","type":"ide\\scripts\\elements\\TimerScriptComponent"},"text_off_start_game":{"id":"text_off_start_game","type":"ide\\scripts\\elements\\TimerScriptComponent"},"update_ini":{"id":"update_ini","type":"develnext\\bundle\\httpclient\\components\\HttpDownloaderComponent"},"start_game":{"id":"start_game","type":"ide\\scripts\\elements\\TimerScriptComponent"},"timer":{"id":"timer","type":"ide\\scripts\\elements\\TimerScriptComponent"},"timerAlt":{"id":"timerAlt","type":"ide\\scripts\\elements\\TimerScriptComponent"},"ini":{"id":"ini","type":"ide\\scripts\\elements\\IniStorageComponent"},"downloader":{"id":"downloader","type":"develnext\\bundle\\httpclient\\components\\HttpDownloaderComponent"},"update":{"id":"update","type":"ide\\scripts\\elements\\TimerScriptComponent"}}},"src/app/modules/nastroiki.php":{"_objects":{"downloader":{"id":"downloader","type":"develnext\\bundle\\httpclient\\components\\HttpDownloaderComponent"}}}}